Workbook

Sheet Compiti
A1: ID | B1: Priorità | C1: Area | D1: Compito | E1: Cosa c’è da fare | F1: Situazione attuale | G1: Assegnato a | H1: Stato | I1: Data fine | J1: Note
A2: T-01 | B2: Must | C2: Requisiti ancora aperti | D2: Foto ufficiali dei luoghi (RF-02, RF-03, RNF-V02) | E2: Eseguire npm run scarica-foto, rivedere a mano le foto proposte e fare la verifica con la Soprintendenza (Fase 2, §6). | F2: Controllato il 16/10: nessuno dei 45 luoghi ha ancora una foto ufficiale, le schede mostrano il ritaglio della mappa. Dalla prova a secco, 37 luoghi su 39 hanno una foto libera su Wikimedia Commons; mancano fogolino-torrion-da-basso e calisio. La scelta automatica va corretta a mano (villa-margon propone una forma di formaggio, nettuno la stessa foto del Duomo). Il resto di RF-03 è chiuso: 16 affreschi e almeno una fonte per ogni luogo. Per il benvenuto sono già state scaricate da Wikimedia Commons 7 foto attuali, con autore e licenza (Buonconsiglio, Case Cazuffi-Rella, Palazzo Geremia, Palazzo Pretorio): si possono riusare nelle schede, aggiungendo la fonte. | H2: Da fare | J2: foto-da-scaricare.json, scarica-foto.js, fotoBenvenuto.js
A3: T-02 | B3: Must | C3: Requisiti ancora aperti | D3: Prove sui browser (RNF-PO01) | E3: Provare il sito su Edge, Firefox, Safari, iPhone e Android e compilare la tabella del §8.3 della verifica. Su telefono provare anche l’installazione come app e la bussola di “Cosa sto guardando?”. | F3: Il sito è stato provato solo su Chrome. Il 16/10 la prova tecnica è stata ripetuta sul sito pubblicato: l’app si installa (manifest e service worker a posto) e si apre anche senza rete. La tabella del protocollo (§8.3) è vuota. Ora che il sito ha HTTPS si può provare da telefono vero, anche la bussola e la fotocamera di “Cosa sto guardando?”. | H3: Da fare
A4: T-03 | B4: Should | C4: Requisiti ancora aperti | D4: Test di usabilità con 5 persone (RNF-U03) | E4: Fare il test (protocollo nel §8.1 della verifica) e riportare i risultati nella tabella. | F4: Un nuovo utente deve trovare un luogo vicino in 30 s. Il protocollo c’è, la tabella dei risultati è vuota. | H4: Da fare
A5: T-04 | B5: Should | C5: Requisiti ancora aperti | D5: Accessibilità, WCAG 2.1 AA (RNF-U04) | E5: Fare il controllo manuale con tastiera, screen reader, zoom al 200% e riduzione del movimento (§8.2 della verifica), rifare Lighthouse (obiettivo ≥ 90) e schiarire il testo dei pulsanti della lingua nel benvenuto (tema chiaro) e dei crediti della mappa, per arrivare a 4,5:1. | F5: Lighthouse 100 su 11 pagine è dichiarato dal team, ma non è stato rifatto (qui Lighthouse non c’è). Il 16/10, dopo i nuovi colori petrolio e oro, il contrasto è stato calcolato su 11 pagine in tema chiaro e scuro: tutto sopra 4,5:1 tranne i pulsanti della lingua nel benvenuto in tema chiaro (3,96:1 e 4,32:1) e i crediti della mappa in tema scuro, scritti a 10 px (circa 4:1). La galleria del benvenuto ha la pausa, parte ferma con “riduci movimento” e ogni foto ha il testo alternativo. | H5: Da fare
A6: T-05 | B6: Could | C6: Requisiti ancora aperti | D6: Riconoscere un luogo con la fotocamera (RF-06) | E6: Decidere se basta la proposta da posizione e bussola o se serve riconoscere l’immagine (AI Service, Fase 3 §5.4); provare la bussola su un telefono vero. | F6: “Cosa sto guardando?” propone il luogo da posizione e bussola, non riconosce l’immagine (lo dice il README). In Piazza Duomo elenca i luoghi entro 150 m. La logica ha test unitari; l’evento della bussola non si è potuto simulare. | H6: Da fare | J6: Inquadra.jsx, geo.js
A7: T-08 | C7: Da riverificare | D7: Risposta sotto 1 s con 100 utenti (RNF-P04) | E7: Rifare la prova con Docker e autocannon, alzando LIMITE_RICHIESTE oltre le 600 richieste al minuto per indirizzo IP. | F7: Il team dichiara il 99° percentile tra 109 e 280 ms con 100 connessioni e nessun errore. Non ancora riverificato. Il sito pubblicato su Google Cloud non va messo sotto carico: la prova si fa in locale con Docker. | H7: Da fare | J7: Script in tests/prestazioni/
A8: T-62 | B8: Should | C8: Ultime modifiche del sito | D8: Galleria del benvenuto: foto una alla volta e crediti tradotti | E8: Far scaricare le foto una alla volta (oggi partono tutte e 15 insieme, circa 1,1 MB) e tradurre i crediti: il nome del luogo e “Pubblico dominio” restano in italiano anche in inglese e tedesco. | F8: Provato il 16/10 con Chrome su rete simulata, primo accesso: su 4G lento (1,6 Mbit/s, processore 4 volte più lento) la schermata compare dopo 4,6 s; caricando solo la prima foto dopo 2,5 s. Su 4G normale 1,2 s. Le foto pesano al massimo 118 KB (RNF-P03 rispettato). Per il resto la galleria funziona: cambia ogni 5 secondi, ha la pausa, parte ferma con “riduci movimento” e mostra autore e licenza. | H8: Da fare | J8: GalleriaBenvenuto.jsx, fotoBenvenuto.js
A9: T-63 | C9: Ultime modifiche del sito | D9: Sito pubblicato: aggiornarlo e sistemare il vecchio indirizzo | E9: Ripubblicare il sito con le ultime modifiche (sul server: git pull e docker compose --profile https up -d --build). Togliere o riparare l’indirizzo 34-154-238-197.sslip.io. | F9: Controllato il 16/10: https://discover-tridentum.duckdns.org è fermo alla versione del 15/10 pomeriggio, senza la galleria del benvenuto e con il pulsante satellite ancora con la scritta. Il vecchio indirizzo 34-154-238-197.sslip.io risponde con un errore TLS e il suo HTTP rimanda proprio lì. Il resto è a posto: certificato Let’s Encrypt valido fino al 13/01/2027, HSTS, redirect da HTTP, porte 3000 e 5432 non raggiungibili dall’esterno, posta di prova non esposta, indirizzo per la privacy impostato, app installabile. | H9: Da fare | J9: docker-compose.yml, infrastruttura/Caddyfile
A10: T-64 | C10: Ultime modifiche del sito | D10: Chiave MapTiler: limitarla al sito | E10: Su cloud.maptiler.com limitare la chiave ai domini del sito (discover-tridentum.duckdns.org e localhost) e tenere d’occhio l’uso del piano gratuito. Se si limita per dominio, cambiare anche la Referrer-Policy del server (oggi no-referrer) in strict-origin-when-cross-origin e provare che le tessere si vedono ancora. | F10: La chiave è scritta in frontend/src/lib/sfondo.js e il repository GitHub è pubblico: chiunque può usarla. Se la quota finisce o la chiave viene bloccata la mappa non si vede: non c’è un ripiego automatico su OpenStreetMap (c’è solo con VITE_MAPTILER_KEY=nessuna). Il 16/10 con la chiave le tessere arrivano e le regole di sicurezza (CSP) le lasciano passare, comprese quelle satellitari di Esri. | G10: Pietro | H10: Da fare | J10: sfondo.js, app.js
A11: T-26 | C11: Documentazione | D11: Fase 2 · Specifiche dei requisiti (v0.5) | E11: Aggiornare lo stato dei requisiti, i “Punti aperti” (§6, per esempio RF-06) e le matrici di tracciabilità; aggiungere scarica i miei dati, cambio del nome, conservazione automatica e importazione dei dati. | F11: Il documento è alla v0.5 (14/10), che aggiunge solo il tedesco a RNF-U05. Non riflette il resto di quanto realizzato (stato dei requisiti, “Punti aperti” al §6, matrici di tracciabilità). Il CONTRIBUTING chiede di aggiornare le matrici quando un requisito cambia. | H11: Da fare
A12: T-27 | C12: Documentazione | D12: Fase 3 · Architettura (v0.2) | E12: Correggere il §8 (il proxy HTTPS ora esiste, con il profilo https e Caddy; l’hosting è Google Cloud) e registrare le nuove decisioni: proxy HTTPS, traduzioni salvate nei dati, service worker, pulizia dei dati scaduti, posta con Brevo, vista satellitare di Esri. | F12: D-07 è stato aggiornato il 14/10 per MapTiler. Il §8 dice ancora che il proxy HTTPS “resta da configurare con l’hosting” e tra i punti aperti (§10) c’è ancora “fornitore, dominio e certificato HTTPS”, ma il sito è online su Google Cloud (Compute Engine) con Caddy e certificato Let’s Encrypt su discover-tridentum.duckdns.org. | H12: Da fare
A13: T-28 | C13: Documentazione | D13: Verifica dei requisiti non funzionali (v0.1) | E13: Sistemare i rimandi a “Cose mancanti” (v0.1) e alla checklist GDPR, che ora sono nel file compiti.xlsx, e ripetere la misura del tempo di apertura della scheda con le mappe vere. | F13: I due rimandi sono link rotti (cose-mancanti.md e checklist-gdpr.md non esistono più). Il 16/10 la stessa prova del documento (tocco su un luogo dell’elenco, rete simulata) ha dato 0,6–0,7 s, in linea con il documento; il 10/10 aveva dato 1,0–1,5 s: da ripetere con mappe e telefono veri. | H13: Da fare
A14: T-45 | B14: Must | C14: GDPR · compiti del titolare | D14: Rettifica dell’e-mail, limitazione e opposizione | E14: Definire chi risponde alle richieste e come, entro 30 giorni, all’indirizzo indicato nell’informativa. | F14: Funzionano solo su richiesta, non c’è una funzione nel sito. | H14: Da fare | J14: art. 16, 18, 21 · art. 12.3
A15: T-57 | B15: Must | C15: GDPR · compiti del titolare | D15: Accordi con i fornitori | E15: Firmare gli accordi con i fornitori che trattano dati per conto del titolare: Google Cloud (hosting) e Brevo (posta). Poi aggiornare la data dell’informativa. | F15: I fornitori in uso sono Google Cloud (hosting) e Brevo (posta); MapTiler ed Esri ricevono l’indirizzo IP per le mappe e sono nominati nell’informativa, che per la posta dice solo “il servizio di posta configurato per il sito”. L’informativa porta ancora la data del 10 ottobre, anche se il testo è cambiato il 14 e il 15. | H15: Da fare | J15: art. 28
A16: T-58 | B16: Must | C16: GDPR · compiti del titolare | D16: Registro delle attività di trattamento | E16: Compilare il registro. | H16: Da fare | J16: art. 30
A17: T-59 | B17: Must | C17: GDPR · compiti del titolare | D17: Procedura per le violazioni di dati | E17: Scrivere chi se ne accorge e chi avvisa il Garante entro 72 ore. | H17: Da fare | J17: art. 33, 34
A18: T-60 | B18: Must | C18: GDPR · compiti del titolare | D18: Copie di sicurezza del database | E18: Impostare i backup con gli stessi tempi di conservazione dei dati. | F18: Sul server i dati stanno nei volumi Docker “database” e “foto”: vanno salvati entrambi (per esempio con pg_dump e una copia del volume delle foto). | H18: Da fare | J18: art. 5.1.e, 32
A19: T-61 | B19: Must | C19: GDPR · compiti del titolare | D19: Valutazione d’impatto (DPIA) | E19: Confermare che non serve: non ci sono trattamenti su larga scala di dati particolari né profilazione. | H19: Da fare | J19: art. 35

Sheet Riepilogo
A1: Compiti del progetto
A2: Discover Tridentum · dalle vecchie "Cose mancanti" (v0.2) e "Checklist GDPR" (v0.1)
A3: Aggiornato il 16/10/2026 dopo un nuovo controllo del sito (versione corrente e sito pubblicato).
B4: Da fare | C4: In corso | D4: Fatto | E4: Totale
A5: Tutti i compiti | B5: =COUNTIF(Compiti!$H$2:$H$19,"Da fare") | C5: =COUNTIF(Compiti!$H$2:$H$19,"In corso") | D5: =COUNTIF(Compiti!$H$2:$H$19,"Fatto") | E5: =SUM(B5:D5)
A7: Per persona
A8: Manuel | B8: =COUNTIFS(Compiti!$H$2:$H$19,"Da fare",Compiti!$G$2:$G$19,"Manuel") | C8: =COUNTIFS(Compiti!$H$2:$H$19,"In corso",Compiti!$G$2:$G$19,"Manuel") | D8: =COUNTIFS(Compiti!$H$2:$H$19,"Fatto",Compiti!$G$2:$G$19,"Manuel") | E8: =SUM(B8:D8)
A9: Marco | B9: =COUNTIFS(Compiti!$H$2:$H$19,"Da fare",Compiti!$G$2:$G$19,"Marco") | C9: =COUNTIFS(Compiti!$H$2:$H$19,"In corso",Compiti!$G$2:$G$19,"Marco") | D9: =COUNTIFS(Compiti!$H$2:$H$19,"Fatto",Compiti!$G$2:$G$19,"Marco") | E9: =SUM(B9:D9)
A10: Pietro | B10: =COUNTIFS(Compiti!$H$2:$H$19,"Da fare",Compiti!$G$2:$G$19,"Pietro") | C10: =COUNTIFS(Compiti!$H$2:$H$19,"In corso",Compiti!$G$2:$G$19,"Pietro") | D10: =COUNTIFS(Compiti!$H$2:$H$19,"Fatto",Compiti!$G$2:$G$19,"Pietro") | E10: =SUM(B10:D10)
A11: Non assegnati | B11: =COUNTIFS(Compiti!$H$2:$H$19,"Da fare",Compiti!$G$2:$G$19,"") | C11: =COUNTIFS(Compiti!$H$2:$H$19,"In corso",Compiti!$G$2:$G$19,"") | D11: =COUNTIFS(Compiti!$H$2:$H$19,"Fatto",Compiti!$G$2:$G$19,"") | E11: =SUM(B11:D11)
A13: Per priorità
A14: Must | B14: =COUNTIFS(Compiti!$H$2:$H$19,"Da fare",Compiti!$B$2:$B$19,"Must") | C14: =COUNTIFS(Compiti!$H$2:$H$19,"In corso",Compiti!$B$2:$B$19,"Must") | D14: =COUNTIFS(Compiti!$H$2:$H$19,"Fatto",Compiti!$B$2:$B$19,"Must") | E14: =SUM(B14:D14)
A15: Should | B15: =COUNTIFS(Compiti!$H$2:$H$19,"Da fare",Compiti!$B$2:$B$19,"Should") | C15: =COUNTIFS(Compiti!$H$2:$H$19,"In corso",Compiti!$B$2:$B$19,"Should") | D15: =COUNTIFS(Compiti!$H$2:$H$19,"Fatto",Compiti!$B$2:$B$19,"Should") | E15: =SUM(B15:D15)
A16: Could | B16: =COUNTIFS(Compiti!$H$2:$H$19,"Da fare",Compiti!$B$2:$B$19,"Could") | C16: =COUNTIFS(Compiti!$H$2:$H$19,"In corso",Compiti!$B$2:$B$19,"Could") | D16: =COUNTIFS(Compiti!$H$2:$H$19,"Fatto",Compiti!$B$2:$B$19,"Could") | E16: =SUM(B16:D16)
A17: Non indicata | B17: =COUNTIFS(Compiti!$H$2:$H$19,"Da fare",Compiti!$B$2:$B$19,"") | C17: =COUNTIFS(Compiti!$H$2:$H$19,"In corso",Compiti!$B$2:$B$19,"") | D17: =COUNTIFS(Compiti!$H$2:$H$19,"Fatto",Compiti!$B$2:$B$19,"") | E17: =SUM(B17:D17)
A19: Si scrive solo nel foglio "Compiti": Assegnato a, Stato (Da fare rosso, In corso giallo, Fatto verde), Data fine e Note. I compiti già fatti sono stati tolti dall’elenco (restano nella cronologia di Git).
